Id,Prediction
1,7
2,7
3,7
4,7
5,7
6,7
7,7
8,7
9,7
10,7
11,7
12,7
13,7
14,7
15,7
16,7
17,7
18,7
19,7
20,6
21,6
22,6
23,8
24,8
25,8
26,3
27,8
28,3
29,3
30,6
31,10
32,3
33,1
34,3
35,3
36,6
37,6
38,6
39,6
40,6
41,6
42,6
43,6
44,6
45,3
46,3
47,3
48,3
49,3
50,3
51,3
52,3
53,3
54,3
55,3
56,3
57,3
58,6
59,3
60,3
61,3
62,10
63,3
64,6
65,6
66,10
67,10
68,10
69,8
70,8
71,1
72,1
73,3
74,3
75,1
76,3
77,3
78,1
79,1
80,3
81,3
82,8
83,8
84,1
85,8
86,2
87,3
88,3
89,10
90,4
91,10
92,3
93,3
94,3
95,3
96,3
97,3
98,4
99,2
100,4
101,2
102,4
103,4
104,4
105,4
106,2
107,4
108,2
109,2
110,4
111,4
112,4
113,4
114,4
115,4
116,4
117,4
118,4
119,4
120,4
121,4
122,4
123,4
124,4
125,4
126,4
127,2
128,4
129,2
130,2
131,2
132,2
133,2
134,3
135,8
136,2
137,2
138,2
139,2
140,2
141,2
142,2
143,2
144,3
145,3
146,1
147,1
148,1
149,1
150,1
151,1
152,1
153,1
154,1
155,1
156,1
157,1
158,1
159,1
160,8
161,8
162,1
163,6
164,7
165,6
166,6
167,6
168,9
169,6
170,6
171,9
172,9
173,9
174,9
175,9
176,9
177,9
178,9
179,6
180,6
181,9
182,6
183,9
184,9
185,9
186,9
187,9
188,9
189,9
190,9
191,9
192,9
193,9
194,9
195,9
196,9
197,9
198,9
199,9
200,7
201,9
202,9
203,9
204,9
205,6
206,5
207,2
208,4
209,2
210,2
211,2
212,2
213,2
214,2
215,2
216,2
217,4
218,8
219,8
220,8
221,8
222,4
223,4
224,2
225,10
226,2
227,10
228,2
229,2
230,2
231,2
232,2
233,8
234,8
235,8
236,8
237,8
238,8
239,8
240,8
241,8
242,8
243,8
244,8
245,8
246,8
247,8
248,8
249,8
250,8
251,8
252,4
253,8
254,5
255,5
256,5
257,5
258,6
259,7
260,7
261,7
262,7
263,7
264,7
265,7
266,7
267,6
268,7
269,7
270,6
271,7
272,7
273,7
274,6
275,7
276,7
277,7
278,7
279,7
280,7
281,7
282,7
283,7
284,7
285,7
286,7
287,7
288,7
289,7
290,7
291,2
292,2
293,10
294,4
295,4
296,2
297,2
298,2
299,8
300,2
301,2
302,2
303,8
304,4
305,2
306,10
307,4
308,2
309,2
310,5
311,5
312,5
313,5
314,5
315,5
316,5
317,5
318,5
319,5
320,5
321,5
322,5
323,5
324,5
325,5
326,5
327,5
328,5
329,5
330,5
331,5
332,5
333,5
334,5
335,5
336,2
337,5
338,6
339,6
340,6
341,6
342,6
343,6
344,6
345,6
346,7
347,7
348,6
349,6
350,6
351,6
352,6
353,6
354,6
355,6
356,6
357,6
358,6
359,6
360,6
361,6
362,6
363,7
364,5
365,5
366,5
367,5
368,5
369,5
370,5
371,5
372,5
373,5
374,5
375,5
376,5
377,5
378,5
379,5
380,5
381,5
382,5
383,5
384,5
385,5
386,5
387,5
388,3
389,7
390,3
391,9
392,9
393,3
394,4
395,4
396,9
397,6
398,6
399,6
400,9
401,6
402,6
403,6
404,6
405,6
406,6
407,6
408,6
409,6
410,3
411,1
412,3
413,1
414,1
415,1
416,1
417,1
418,1
419,1
420,1
421,1
422,1
423,1
424,1
425,8
426,1
427,1
428,1
429,1
430,1
431,1
432,1
433,1
434,1
435,1
436,1
437,8
438,2
439,3
440,9
441,9
442,9
443,6
444,3
445,7
446,7
447,10
448,10
449,7
450,4
451,7
452,4
453,2
454,3
455,7
456,7
457,7
458,7
459,7
460,4
461,2
462,7
463,7
464,10
465,2
466,4
467,9
468,4
469,4
470,10
471,2
472,2
473,2
474,2
475,4
476,2
477,4
478,9
479,9
480,9
481,9
482,4
483,9
484,5
485,9
486,5
487,9
488,9
489,5
490,5
491,5
492,5
493,5
494,3
495,3
496,3
497,3
498,5
499,3
500,3
501,6
502,8
503,6
504,3
505,3
506,6
507,6
508,6
509,4
510,4
511,4
512,5
513,4
514,6
515,6
516,5
517,6
518,6
519,5
520,6
521,4
522,5
523,5
524,6
525,5
526,5
527,3
528,4
529,4
530,4
531,4
532,4
533,4
534,4
535,9
536,4
537,3
538,3
539,3
540,3
541,2
542,3
543,3
544,3
545,1
546,1
547,3
548,3
549,6
550,3
551,3
552,9
553,3
554,6
555,6
556,9
557,9
558,6
559,6
560,9
561,9
562,3
563,6
564,6
565,9
566,3
567,9
568,9
569,4
570,9
571,3
572,3
573,6
574,6
575,3
576,9
577,5
578,9
579,9
580,5
581,5
582,5
583,4
584,3
585,4
586,4
587,4
588,4
589,4
590,4
591,4
592,4
593,3
594,3
595,4
596,4
597,4
598,9
599,4
600,3
601,3
602,9
603,3
604,4
605,3
606,9
607,4
608,9
609,9
610,9
611,9
612,9
613,9
614,9
615,5
616,5
617,6
618,6
619,9
620,5
621,4
622,4
623,4
624,9
625,6
626,9
627,9
628,9
629,9
630,9
631,3
632,9
633,9
634,9
635,3
636,6
637,6
638,9
639,7
640,3
641,6
642,9
643,6
644,6
645,9
646,6
647,6
648,6
649,9
650,9
651,9
652,9
653,6
654,3
655,9
656,2
657,7
658,6
659,6
660,9
661,2
662,6
663,6
664,4
665,2
666,6
667,2
668,2
669,1
670,2
671,6
672,6
673,6
674,2
675,2
676,2
677,2
678,6
679,2
680,2
681,7
682,7
683,6
684,3
685,3
686,3
687,3
688,1
689,1
690,1
691,1
692,1
693,1
694,1
695,1
696,3
697,1
698,3
699,1
700,2
701,2
702,3
703,3
704,2
705,2
706,2
707,8
708,2
709,2
710,5
711,5
712,5
713,5
714,5
715,5
716,5
717,5
718,5
719,3
720,3
721,1
722,1
723,1
724,1
725,1
726,3
727,1
728,2
729,2
730,8
731,2
732,2
733,2
734,2
735,2
736,1
737,2
738,2
739,8
740,2
741,2
742,2
743,2
744,2
745,8
746,4
747,4
748,2
749,2
750,6
751,2
752,2
753,2
754,2
755,7
756,2
757,2
758,2
759,7
760,2
761,2
762,2
763,2
764,2
765,2
766,2
767,7
768,7
769,2
770,2
771,2
772,2
773,2
774,2
775,7
776,2
777,2
778,7
779,7
780,2
781,5
782,2
783,2
784,5
785,2
786,2
787,2
788,5
789,2
790,2
791,2
792,2
793,2
794,2
795,8
796,2
797,2
798,4
799,4
800,9
801,9
802,9
803,9
804,9
805,9
806,9
807,9
808,9
809,3
810,9
811,9
812,9
813,4
814,4
815,4
816,9
817,9
818,9
819,7
820,7
821,6
822,7
823,6
824,4
825,4
826,4
827,4
828,10
829,3
830,3
831,3
832,8
833,3
834,8
835,8
836,8
837,8
838,8
839,3
840,8
841,3
842,8
843,3
844,10
845,3
846,7
847,4
848,10
849,10
850,9
851,7
852,7
853,7
854,7
855,7
856,7
857,7
858,7
859,7
860,7
861,7
862,7
863,7
864,7
865,7
866,7
867,7
868,7
869,7
870,7
871,10
872,1
873,4
874,5
875,7
876,9
877,7
878,9
879,9
880,7
881,10
882,7
883,7
884,9
885,4
886,6
887,4
888,9
889,9
890,4
891,9
892,9
893,9
894,4
895,4
896,4
897,4
898,4
899,4
900,4
901,4
902,9
903,4
904,4
905,9
906,9
907,4
908,7
909,7
910,9
911,10
912,7
913,7
914,7
915,7
916,7
917,10
918,3
919,7
920,7
921,7
922,4
923,4
924,1
925,3
926,4
927,4
928,3
929,4
930,4
931,4
932,3
933,3
934,3
935,4
936,10
937,10
938,3
939,3
940,4
941,4
942,4
943,4
944,10
945,4
946,4
947,4
948,10
949,10
950,10
951,10
952,3
953,3
954,4
955,4
956,3
957,10
958,10
959,3
960,10
961,4
962,10
963,10
964,10
965,10
966,3
967,10
968,3
969,3
970,10
971,10
972,10
973,3
974,3
975,3
976,3
977,1
978,1
979,3
980,10
981,3
982,4
983,4
984,4
985,4
986,3
987,10
988,10
989,10
990,10
991,1
992,6
993,7
994,7
995,7
996,7
997,7
998,7
999,7
1000,7
1001,7
1002,7
1003,7
1004,7
1005,7
1006,7
1007,7
1008,7
1009,7
1010,7
1011,7
1012,7
1013,7
1014,7
1015,7
1016,7
1017,7
1018,7
1019,7
1020,7
1021,7
1022,7
1023,7
1024,7
1025,7
1026,7
1027,7
1028,7
1029,7
1030,7
1031,7
1032,7
1033,10
1034,7
1035,7
1036,7
1037,7
1038,3
1039,3
1040,1
1041,1
1042,1
1043,1
1044,2
1045,2
1046,2
1047,2
1048,2
1049,2
1050,2
1051,1
1052,2
1053,2
1054,1
1055,2
1056,2
1057,2
1058,2
1059,2
1060,2
1061,2
1062,2
1063,1
1064,1
1065,3
1066,10
1067,10
1068,10
1069,9
1070,9
1071,1
1072,7
1073,9
1074,1
1075,1
1076,1
1077,9
1078,9
1079,2
1080,1
1081,7
1082,7
1083,7
1084,7
1085,7
1086,7
1087,7
1088,7
1089,7
1090,7
1091,7
1092,7
1093,7
1094,7
1095,7
1096,7
1097,7
1098,7
1099,7
1100,7
1101,7
1102,7
1103,7
1104,7
1105,7
1106,1
1107,1
1108,7
1109,7
1110,7
1111,7
1112,7
1113,7
1114,1
1115,1
1116,1
1117,1
1118,9
1119,1
1120,5
1121,10
1122,10
1123,10
1124,10
1125,5
1126,5
1127,10
1128,10
1129,5
1130,5
1131,10
1132,1
1133,4
1134,5
1135,10
1136,10
1137,10
1138,10
1139,10
1140,10
1141,1
1142,10
1143,1
1144,10
1145,10
1146,10
1147,10
1148,10
1149,10
1150,10
1151,10
1152,10
1153,10
1154,6
1155,8
1156,2
1157,8
1158,1
1159,1
1160,6
1161,2
1162,1
1163,2
1164,1
1165,2
1166,6
1167,6
1168,6
1169,6
1170,2
1171,1
1172,1
1173,1
1174,6
1175,1
1176,1
1177,1
1178,1
1179,1
1180,8
1181,1
1182,6
1183,6
1184,2
1185,1
1186,2
1187,2
1188,2
1189,8
1190,2
1191,2
1192,6
1193,1
1194,1
1195,8
1196,1
1197,1
1198,1
1199,1
1200,1
1201,1
1202,1
1203,1
1204,2
1205,1
1206,1
1207,1
1208,1
1209,1
1210,1
1211,1
1212,1
1213,1
1214,1
1215,6
1216,6
1217,1
1218,1
1219,8
1220,1
1221,6
1222,8
1223,6
1224,1
1225,1
1226,1
1227,1
1228,6
1229,6
1230,1
1231,1
1232,1
1233,1
1234,1
1235,1
1236,8
1237,8
1238,1
1239,1
1240,8
1241,1
1242,6
1243,9
1244,6
1245,6
1246,7
1247,6
1248,6
1249,9
1250,6
1251,6
1252,9
1253,6
1254,6
1255,6
1256,6
1257,6
1258,6
1259,6
1260,6
1261,6
1262,6
1263,6
1264,6
1265,6
1266,7
1267,9
1268,2
1269,3
1270,3
1271,3
1272,1
1273,1
1274,1
1275,1
1276,1
1277,8
1278,8
1279,3
1280,2
1281,8
1282,2
1283,5
1284,4
1285,2
1286,4
1287,2
1288,2
1289,2
1290,4
1291,6
1292,6
1293,6
1294,6
1295,6
1296,6
1297,6
1298,4
1299,6
1300,4
1301,6
1302,8
1303,10
1304,10
1305,3
1306,10
1307,6
1308,2
1309,6
1310,10
1311,10
1312,1
1313,2
1314,2
1315,4
1316,2
1317,8
1318,2
1319,8
1320,8
1321,2
1322,8
1323,8
1324,8
1325,8
1326,2
1327,8
1328,2
1329,8
1330,8
1331,8
1332,8
1333,8
1334,8
1335,8
1336,8
1337,8
1338,8
1339,8
1340,8
1341,8
1342,8
1343,8
1344,4
1345,4
1346,1
1347,5
1348,5
1349,5
1350,6
1351,7
1352,7
1353,7
1354,7
1355,7
1356,6
1357,7
1358,7
1359,7
1360,7
1361,7
1362,7
1363,7
1364,7
1365,9
1366,6
1367,6
1368,6
1369,6
1370,7
1371,7
1372,7
1373,7
1374,6
1375,6
1376,7
1377,6
1378,6
1379,7
1380,7
1381,6
1382,7
1383,7
1384,7
1385,7
1386,7
1387,7
1388,7
1389,7
1390,7
1391,6
1392,4
1393,4
1394,2
1395,2
1396,4
1397,4
1398,4
1399,4
1400,4
1401,4
1402,4
1403,4
1404,4
1405,4
1406,4
1407,4
1408,4
1409,4
1410,4
1411,4
1412,4
1413,4
1414,4
1415,4
1416,4
1417,4
1418,4
1419,4
1420,4
1421,4
1422,4
1423,4
1424,4
1425,1
1426,4
1427,7
1428,2
1429,2
1430,2
1431,2
1432,3
1433,3
1434,3
1435,3
1436,2
1437,3
1438,3
1439,3
1440,3
1441,3
1442,2
1443,2
1444,2
1445,2
1446,2
1447,2
1448,3
1449,3
1450,2
1451,2
1452,2
1453,2
1454,8
1455,5
1456,5
1457,7
1458,7
1459,2
1460,5
1461,5
1462,5
1463,5
1464,5
1465,5
1466,5
1467,5
1468,5
1469,5
1470,5
1471,5
1472,5
1473,5
1474,5
1475,5
1476,5
1477,5
1478,5
1479,5
1480,5
1481,5
1482,5
1483,5
1484,5
1485,5
1486,5
1487,5
1488,5
1489,5
1490,5
1491,5
1492,5
1493,3
1494,2
1495,2
1496,10
1497,4
1498,5
1499,10
1500,4
1501,3
1502,3
1503,4
1504,3
1505,4
1506,3
1507,5
1508,4
1509,4
1510,3
1511,3
1512,2
1513,3
1514,2
1515,2
1516,3
1517,3
1518,3
1519,7
1520,7
1521,7
1522,9
1523,7
1524,9
1525,6
1526,9
1527,9
1528,9
1529,6
1530,6
1531,6
1532,9
1533,9
1534,9
1535,9
1536,9
1537,6
1538,6
1539,6
1540,9
1541,6
1542,6
1543,6
1544,6
1545,6
1546,7
1547,6
1548,9
1549,9
1550,9
1551,9
1552,9
1553,5
1554,9
1555,5
1556,5
1557,8
1558,5
1559,5
1560,5
1561,5
1562,5
1563,5
1564,5
1565,5
1566,5
1567,5
1568,5
1569,5
1570,5
1571,2
1572,10
1573,10
1574,4
1575,4
1576,5
1577,4
1578,4
1579,5
1580,4
1581,10
1582,4
1583,4
1584,4
1585,4
1586,8
1587,4
1588,8
1589,8
1590,8
1591,2
1592,5
1593,5
1594,4
1595,4
1596,4
1597,4
1598,6
1599,6
1600,2
1601,2
1602,2
1603,9
1604,4
1605,4
1606,2
1607,3
1608,1
1609,1
1610,1
1611,4
1612,1
1613,5
1614,5
1615,8
1616,5
1617,5
1618,5
1619,5
1620,5
1621,5
1622,5
1623,5
1624,9
1625,9
1626,1
1627,7
1628,1
1629,5
1630,5
1631,6
1632,8
1633,8
1634,2
1635,9
1636,6
1637,10
1638,4
1639,4
1640,1
1641,10
1642,10
1643,10
1644,10
1645,10
1646,2
1647,2
1648,9
1649,9
1650,6
1651,6
1652,6
1653,9
1654,9
1655,6
1656,10
1657,9
1658,10
1659,5
1660,5
1661,5
1662,5
1663,5
1664,5
1665,5
1666,5
1667,5
1668,5
1669,5
1670,9
1671,9
1672,7
1673,6
1674,9
1675,9
1676,10
1677,1
1678,1
1679,10
1680,9
1681,10
1682,10
1683,10
1684,10
1685,8
1686,8
1687,8
1688,8
1689,8
1690,5
1691,5
1692,5
1693,2
1694,2
1695,2
1696,2
1697,5
1698,2
1699,5
1700,2
1701,2
1702,2
1703,2
1704,2
1705,2
1706,7
1707,7
1708,7
1709,7
1710,2
1711,2
1712,2
1713,7
1714,7
1715,7
1716,7
1717,7
1718,7
1719,7
1720,6
1721,6
1722,6
1723,6
1724,6
1725,6
1726,6
1727,6
1728,6
1729,6
1730,6
1731,6
1732,6
1733,9
1734,9
1735,9
1736,9
1737,9
1738,2
1739,9
1740,9
1741,5
1742,9
1743,9
1744,10
1745,10
1746,9
1747,10
1748,9
1749,9
1750,5
1751,5
1752,9
1753,9
1754,7
1755,7
1756,3
1757,2
1758,3
1759,9
1760,3
1761,3
1762,3
1763,9
1764,7
1765,3
1766,3
1767,3
1768,3
1769,6
1770,4
1771,7
1772,7
1773,4
1774,3
1775,7
1776,10
1777,10
1778,10
1779,4
1780,4
1781,1
1782,4
1783,4
1784,5
1785,5
1786,5
1787,3
1788,1
1789,3
1790,3
1791,1
1792,3
1793,3
1794,3
1795,10
1796,7
1797,7
1798,6
1799,10
1800,10
1801,10
1802,6
1803,10
1804,6
1805,6
1806,6
1807,2
1808,6
1809,6
1810,6
1811,6
1812,5
1813,6
1814,5
1815,9
1816,9
1817,9
1818,9
1819,10
1820,5
1821,5
1822,10
1823,2
1824,5
1825,9
1826,5
1827,5
1828,5
1829,5
1830,5
1831,5
1832,2
1833,2
1834,2
1835,10
1836,6
1837,6
1838,6
1839,6
1840,6
1841,6
1842,6
1843,2
1844,9
1845,9
1846,9
1847,10
1848,10
1849,9
1850,9
1851,9
1852,9
1853,9
1854,9
1855,9
1856,9
1857,9
1858,9
1859,2
1860,6
1861,5
1862,6
1863,6
1864,5
1865,6
1866,5
1867,5
1868,6
1869,6
1870,9
1871,6
1872,5
1873,6
1874,5
1875,6
1876,5
1877,10
1878,6
1879,6
1880,5
1881,10
1882,10
1883,5
1884,5
1885,10
1886,10
1887,5
1888,5
1889,5
1890,10
1891,10
1892,10
1893,6
1894,10
1895,10
1896,10
1897,6
1898,6
1899,6
1900,6
1901,6
1902,10
1903,10
1904,10
1905,6
1906,6
1907,6
1908,6
1909,6
1910,6
1911,6
1912,6
1913,6
1914,6
1915,10
1916,10
1917,7
1918,7
1919,6
1920,6
1921,6
1922,6
1923,6
1924,6
1925,6
1926,2
1927,6
1928,6
1929,6
1930,6
1931,6
1932,6
1933,10
1934,7
1935,6
1936,6
1937,6
1938,6
1939,6
1940,6
1941,6
1942,6
1943,6
1944,6
1945,6
1946,6
1947,6
1948,6
1949,7
1950,7
1951,6
1952,6
1953,6
1954,9
1955,6
1956,6
1957,6
1958,9
1959,9
1960,6
1961,10
1962,6
1963,7
1964,7
1965,7
1966,7
1967,7
1968,6
1969,7
1970,7
1971,7
1972,7
1973,7
1974,7
1975,7
1976,7
1977,7
1978,7
1979,7
1980,7
1981,5
1982,5
1983,5
1984,5
1985,6
1986,2
1987,5
1988,5
1989,7
1990,5
1991,5
1992,5
1993,5
1994,5
1995,5
1996,5
1997,5
1998,5
1999,5
2000,5
2001,5
2002,5
2003,5
2004,5
2005,5
2006,5
2007,5
2008,5
2009,5
2010,5
2011,5
2012,5
2013,5
2014,5
2015,6
2016,8
2017,6
2018,6
2019,6
2020,10
2021,6
2022,6
2023,8
2024,8
2025,8
2026,8
2027,8
2028,8
2029,8
2030,8
2031,8
2032,6
2033,10
2034,10
2035,6
2036,6
2037,6
2038,10
2039,6
2040,6
2041,6
2042,6
2043,2
2044,6
2045,9
2046,9
2047,9
2048,9
2049,9
2050,9
2051,9
2052,7
2053,9
2054,9
2055,9
2056,9
2057,9
2058,6
2059,6
2060,9
2061,6
2062,9
2063,6
2064,6
2065,9
2066,9
2067,9
2068,9
2069,9
2070,9
2071,9
2072,9
2073,9
2074,9
2075,9
2076,9
2077,9
2078,9
2079,9
2080,9
2081,6
2082,6
2083,6
2084,6
2085,6
2086,6
2087,10
2088,9
2089,9
2090,10
2091,10
2092,5
2093,10
2094,10
2095,5
2096,5
2097,5
2098,6
2099,10
2100,10
2101,10
2102,5
2103,6
2104,5
2105,5
2106,6
2107,6
2108,6
2109,5
2110,5
2111,6
2112,1
2113,1
2114,1
2115,1
2116,1
2117,1
2118,8
2119,1
2120,1
2121,1
2122,1
2123,1
2124,1
2125,1
2126,1
2127,1
2128,1
2129,1
2130,1
2131,1
2132,1
2133,1
2134,1
2135,1
2136,1
2137,1
2138,1
2139,10
2140,10
2141,4
2142,4
2143,4
2144,4
2145,10
2146,10
2147,10
2148,10
2149,4
2150,4
2151,4
2152,4
2153,4
2154,4
2155,4
2156,4
2157,4
2158,4
2159,4
2160,10
2161,10
2162,4
2163,4
2164,4
2165,4
2166,4
2167,4
2168,4
2169,10
2170,10
2171,6
2172,6
2173,7
2174,6
2175,6
2176,6
2177,6
2178,6
2179,6
2180,6
2181,6
2182,6
2183,6
2184,6
2185,6
2186,6
2187,6
2188,6
2189,6
2190,6
2191,6
2192,6
2193,6
2194,6
2195,6
2196,6
2197,10
2198,2
2199,10
2200,10
2201,10
2202,2
2203,10
2204,10
2205,10
2206,10
2207,10
2208,10
2209,10
2210,10
2211,10
2212,10
2213,10
2214,10
2215,10
2216,10
2217,10
2218,10
2219,10
2220,10
2221,10
2222,7
2223,7
2224,7
2225,7
2226,6
2227,7
2228,6
2229,6
2230,7
2231,6
2232,7
2233,7
2234,7
2235,9
2236,7
2237,7
2238,9
2239,9
2240,9
2241,9
2242,9
2243,9
2244,6
2245,6
2246,6
2247,9
2248,9
2249,9
2250,9
2251,6
2252,6
2253,9
2254,9
2255,7
2256,9
2257,9
2258,7
2259,7
2260,7
2261,7
2262,8
2263,8
2264,8
2265,8
2266,8
2267,2
2268,2
2269,8
2270,8
2271,8
2272,8
2273,2
2274,4
2275,2
2276,8
2277,8
2278,4
2279,8
2280,8
2281,8
2282,8
2283,8
2284,8
2285,8
2286,8
2287,8
2288,8
2289,8
2290,8
2291,8
2292,8
2293,4
2294,10
2295,10
2296,10
2297,10
2298,10
2299,10
2300,8
2301,8
2302,10
2303,8
2304,10
2305,10
2306,10
2307,3
2308,8
2309,8
2310,8
2311,8
2312,1
2313,8
2314,8
2315,8
2316,8
2317,8
2318,1
2319,1
2320,1
2321,2
2322,1
2323,8
2324,8
2325,8
2326,1
2327,8
2328,8
2329,8
2330,8
2331,8
2332,8
2333,8
2334,8
2335,8
2336,8
2337,8
2338,8
2339,8
2340,8
2341,8
2342,8
2343,10
2344,9
2345,9
2346,9
2347,9
2348,9
2349,9
2350,9
2351,9
2352,9
2353,9
2354,9
2355,7
2356,9
2357,9
2358,9
2359,9
2360,9
2361,9
2362,9
2363,7
2364,9
2365,9
2366,9
2367,9
2368,9
2369,9
2370,9
2371,9
2372,9
2373,9
2374,9
2375,9
2376,9
2377,9
2378,9
2379,9
2380,9
2381,9
2382,9
2383,7
2384,7
2385,9
2386,9
2387,9
2388,9
2389,9
2390,9
2391,9
2392,9
2393,9
2394,10
2395,10
2396,10
2397,10
2398,10
2399,10
2400,10
2401,10
2402,10
2403,10
2404,10
2405,10
2406,10
2407,10
2408,10
2409,10
2410,10
2411,10
2412,10
2413,9
2414,4
2415,10
2416,10
2417,10
2418,10
2419,10
2420,10
2421,10
2422,10
2423,10
2424,10
2425,10
2426,10
2427,10
2428,2
2429,3
2430,10
2431,2
2432,8
2433,10
2434,8
2435,8
2436,10
2437,10
2438,8
2439,8
2440,8
2441,8
2442,8
2443,8
2444,8
2445,8
2446,8
2447,8
2448,8
2449,8
2450,8
2451,8
2452,8
2453,8
2454,8
2455,8
2456,8
2457,8
2458,8
2459,1
2460,8
2461,8
2462,1
2463,1
2464,8
2465,8
2466,8
2467,10
2468,1
2469,6
2470,8
2471,9
2472,6
2473,8
2474,8
2475,8
2476,8
2477,8
2478,8
2479,6
2480,8
2481,8
2482,8
2483,8
2484,8
2485,6
2486,8
2487,8
2488,8
2489,8
2490,8
2491,8
2492,9
2493,1
2494,8
2495,9
2496,9
2497,9
2498,9
2499,9
2500,9
2501,9
2502,9
2503,9
2504,9
2505,9
2506,9
2507,9
2508,9
2509,9
2510,9
2511,9
2512,9
2513,9
2514,9
2515,9
2516,9
2517,8
2518,9
2519,9
2520,9
2521,9
2522,9
2523,9
2524,9
2525,9
2526,9
2527,9
2528,9
2529,9
2530,9
2531,9
2532,6
2533,9
2534,6
2535,9
2536,6
2537,6
2538,6
2539,9
2540,7
2541,8
2542,9
2543,9
2544,9
2545,9
2546,9
2547,9
2548,9
2549,9
2550,9
2551,9
2552,9
2553,9
2554,9
2555,9
2556,9
2557,7
2558,9
2559,9
2560,2
2561,9
2562,9
2563,9
2564,9
2565,9
2566,6
2567,6
2568,9
2569,4
2570,2
2571,4
2572,4
2573,4
2574,9
2575,9
2576,2
2577,9
2578,8
2579,8
2580,4
2581,4
2582,2
2583,1
2584,4
2585,1
2586,1
2587,1
2588,2
2589,9
2590,9
2591,9
2592,6
2593,6
2594,9
2595,9
2596,9
2597,6
2598,9
2599,9
2600,9
2601,9
2602,6
2603,9
2604,9
2605,9
2606,9
2607,9
2608,9
2609,6
2610,9
2611,9
2612,6
2613,9
2614,6
2615,9
2616,9
2617,9
2618,9
2619,9
2620,9
2621,9
2622,9
2623,9
2624,9
2625,9
2626,9
2627,9
2628,9
2629,9
2630,9
2631,9
2632,9
2633,9
2634,9
2635,9
2636,9
2637,9
2638,9
2639,9
2640,9
2641,9
2642,9
2643,6
2644,6
2645,8
2646,8
2647,8
2648,10
2649,6
2650,10
2651,10
2652,3
2653,10
2654,10
2655,10
2656,10
2657,10
2658,10
2659,10
2660,3
2661,10
2662,10
2663,10
2664,8
2665,10
2666,3
2667,10
2668,10
2669,10
2670,10
2671,1
2672,1
2673,8
2674,8
2675,10
2676,8
2677,1
2678,6
2679,5
2680,5
2681,6
2682,5
2683,9
2684,9
2685,5
2686,5
2687,7
2688,3
2689,5
2690,10
2691,5
2692,9
2693,9
2694,9
2695,5
2696,5
2697,5
2698,5
2699,5
2700,8
2701,8
2702,8
2703,8
2704,8
2705,8
2706,8
2707,2
2708,2
2709,2
2710,2
2711,2
2712,2
2713,2
2714,2
2715,8
2716,2
2717,2
2718,2
2719,8
2720,2
2721,8
2722,8
2723,8
2724,8
2725,8
2726,8
2727,8
2728,5
2729,8
2730,5
2731,1
2732,1
2733,1
2734,8
2735,8
2736,3
2737,10
2738,8
2739,1
2740,1
2741,1
2742,1
2743,1
2744,1
2745,8
2746,8
2747,8
2748,8
2749,6
2750,6
2751,6
2752,1
2753,6
2754,8
2755,1
2756,6
2757,6
2758,1
2759,10
2760,1
2761,1
2762,1
2763,3
2764,1
2765,1
2766,1
2767,10
2768,1
2769,10
2770,1
2771,10
2772,10
2773,10
2774,10
2775,10
2776,10
2777,10
2778,10
2779,10
2780,10
2781,10
2782,3
2783,1
2784,1
2785,10
2786,3
2787,1
2788,3
2789,1
2790,3
2791,3
2792,7
2793,1
2794,7
2795,9
2796,2
2797,3
2798,3
2799,3
2800,3
2801,3
2802,3
2803,1
2804,3
2805,3
2806,1
2807,3
2808,3
2809,1
2810,3
2811,3
2812,3
2813,3
2814,1
2815,3
2816,3
2817,1
2818,1
2819,1
2820,1
2821,8
2822,1
2823,1
2824,1
2825,1
2826,3
2827,1
2828,6
2829,6
2830,5
2831,5
2832,10
2833,1
2834,3
2835,3
2836,8
2837,3
2838,3
2839,3
2840,8
2841,10
2842,8
2843,8
2844,10
2845,3
2846,3
2847,3
2848,10
2849,10
2850,3
2851,10
2852,10
2853,10
2854,3
2855,10
2856,10
2857,10
2858,10
2859,3
2860,1
2861,8
2862,8
2863,1
2864,1
2865,8
2866,8
2867,3
2868,1
2869,8
2870,8
2871,3
2872,10
2873,8
2874,3
2875,8
2876,10
2877,10
2878,10
2879,10
2880,10
2881,10
2882,10
2883,8
2884,10
2885,3
2886,3
2887,3
2888,10
2889,10
2890,10
2891,10
2892,10
2893,5
2894,6
2895,7
2896,7
2897,7
2898,2
2899,7
2900,9
2901,9
2902,9
2903,6
2904,9
2905,2
2906,2
2907,3
2908,2
2909,2
2910,3
2911,2
2912,9
2913,7
2914,7
2915,6
2916,6
2917,3
2918,10
2919,10
2920,8
2921,8
2922,10
2923,8
2924,8
2925,8
2926,1
2927,8
2928,1
2929,1
2930,10
2931,1
2932,1
2933,8
2934,8
2935,8
2936,8
2937,8
2938,10
2939,8
2940,10
2941,10
2942,10
2943,10
2944,5
2945,5
2946,5
2947,5
2948,5
2949,2
2950,5
2951,5
2952,5
2953,5
2954,5
2955,9
2956,5
2957,9
2958,7
2959,5
2960,5
2961,5
2962,9
2963,9
2964,5
2965,9
2966,9
2967,9
2968,9
2969,9
2970,9
2971,9
2972,6
2973,9
2974,9
2975,9
2976,9
2977,9
2978,5
2979,5
2980,5
2981,5
2982,9
2983,9
2984,9
2985,5
2986,9
2987,9
2988,9
2989,9
2990,9
2991,9
2992,9
2993,9
2994,6
2995,9
2996,9
2997,7
2998,7
2999,7
3000,7
3001,7
3002,7
3003,7
3004,7
3005,9
3006,9
3007,9
3008,5
3009,8
3010,8
3011,3
3012,3
3013,3
3014,1
3015,1
3016,1
3017,3
3018,3
3019,8
3020,3
3021,3
3022,3
3023,8
3024,3
3025,1
3026,10
3027,2
3028,8
3029,10
3030,8
3031,3
3032,8
3033,10
3034,8
3035,10
3036,2
3037,10
3038,3
3039,3
3040,6
3041,1
3042,1
3043,8
3044,8
3045,1
3046,1
3047,1
3048,1
3049,1
3050,1
3051,1
3052,1
3053,1
3054,2
3055,8
3056,2
3057,2
3058,2
3059,1
3060,2
3061,2
3062,8
3063,3
3064,3
3065,3
3066,1
3067,1
3068,1
3069,1
3070,1
3071,8
3072,8
3073,8
3074,4
3075,1
3076,1
3077,1
3078,1
3079,8
3080,3
3081,6
3082,5
3083,5
3084,5
3085,1
3086,10
3087,1
3088,1
3089,1
3090,1
3091,9
3092,1
3093,1
3094,1
3095,1
3096,9
3097,9
3098,9
3099,1
3100,9
3101,2
3102,5
3103,2
3104,5
3105,6
3106,9
3107,9
3108,6
3109,6
3110,1
3111,2
3112,1
3113,1
3114,2
3115,2
3116,2
3117,1
3118,2
3119,2
3120,2
3121,9
3122,1
3123,2
3124,2
3125,2
3126,2
3127,9
3128,9
3129,9
3130,5
3131,9
3132,5
3133,9
3134,2
3135,1
3136,10
3137,5
3138,1
3139,2
3140,9
3141,9
3142,9
3143,6
3144,6
3145,9
3146,6
3147,9
3148,9
3149,9
3150,9
3151,9
3152,9
3153,9
3154,9
3155,9
3156,9
3157,9
3158,9
3159,6
3160,9
3161,10
3162,10
3163,5
3164,5
3165,5
3166,5
3167,6
3168,6
3169,6
3170,5
3171,4
3172,2
3173,5
3174,5
3175,5
3176,6
3177,6
3178,5
3179,5
3180,2
3181,5
3182,5
3183,5
3184,5
3185,5
3186,5
3187,5
3188,5
3189,5
3190,5
3191,5
3192,5
3193,5
3194,3
3195,8
3196,3
3197,8
3198,3
3199,8
3200,8
3201,10
3202,10
3203,10
3204,10
3205,10
3206,10
3207,10
3208,10
3209,10
3210,4
3211,10
3212,10
3213,4
3214,10
3215,8
3216,10
3217,8
3218,8
3219,1
3220,1
3221,10
3222,2
3223,1
3224,1
3225,1
3226,1
3227,1
3228,4
3229,4
3230,4
3231,4
3232,1
3233,1
3234,1
3235,1
3236,1
3237,1
3238,1
3239,1
3240,1
3241,1
3242,1
3243,1
3244,1
3245,1
3246,1
3247,1
3248,1
3249,1
3250,1
3251,1
3252,1
3253,1
3254,5
3255,10
3256,1
3257,1
3258,1
3259,1
3260,1
3261,1
3262,1
3263,1
3264,1
3265,1
3266,1
3267,1
3268,1
3269,1
3270,1
3271,1
3272,1
3273,1
3274,1
3275,1
3276,10
3277,10
3278,4
3279,1
3280,2
3281,4
3282,4
3283,4
3284,5
3285,8
3286,4
3287,10
3288,1
3289,2
3290,2
3291,1
3292,6
3293,6
3294,6
3295,6
3296,6
3297,6
3298,5
3299,6
3300,6
3301,6
3302,6
3303,6
3304,6
3305,9
3306,6
3307,9
3308,6
3309,9
3310,9
3311,9
3312,9
3313,6
3314,6
3315,1
3316,1
3317,1
3318,1
3319,8
3320,8
3321,1
3322,10
3323,10
3324,10
3325,10
3326,1
3327,10
3328,10
3329,1
3330,10
3331,10
3332,10
3333,10
3334,10
3335,10
3336,10
3337,1
3338,1
3339,1
3340,1
3341,1
3342,5
3343,3
3344,3
3345,6
3346,6
3347,6
3348,6
3349,6
3350,6
3351,6
3352,7
3353,3
3354,6
3355,3
3356,5
3357,3
3358,6
3359,3
3360,5
3361,3
3362,2
3363,6
3364,6
3365,2
3366,5
3367,2
3368,3
3369,5
3370,5
3371,5
3372,5
3373,5
3374,3
3375,3
3376,3
3377,3
3378,3
3379,5
3380,2
3381,5
3382,5
3383,10
3384,10
3385,3
3386,3
3387,3
3388,10
3389,10
3390,3
3391,10
3392,5
3393,5
3394,7
3395,7
3396,7
3397,7
3398,3
3399,2
3400,3
3401,7
3402,7
3403,7
3404,7
3405,7
3406,7
3407,3
3408,2
3409,7
3410,7
3411,6
3412,6
3413,6
3414,6
3415,7
3416,7
3417,3
3418,7
3419,7
3420,5
3421,5
3422,5
3423,10
3424,10
3425,2
3426,10
3427,10
3428,10
3429,10
3430,10
3431,10
3432,10
3433,10
3434,10
3435,10
3436,10
3437,10
3438,10
3439,4
3440,4
3441,3
3442,4
3443,3
3444,8
3445,4
3446,3
3447,3
3448,3
3449,3
3450,3
3451,4
3452,4
3453,4
3454,3
3455,10
3456,8
3457,8
3458,4
3459,8
3460,8
3461,3
3462,8
3463,3
3464,8
3465,8
3466,3
3467,8
3468,8
3469,8
3470,8
3471,8
3472,3
3473,8
3474,8
3475,8
3476,8
3477,8
3478,8
3479,4
3480,3
3481,3
3482,10
3483,3
3484,3
3485,4
3486,4
3487,3
3488,4
3489,10
3490,4
3491,3
3492,3
3493,3
3494,3
3495,3
3496,4
3497,10
3498,10
3499,10
3500,3
3501,3
3502,4
3503,3
3504,3
3505,4
3506,4
3507,4
3508,3
3509,10
3510,4
3511,4
3512,4
3513,10
3514,10
3515,10
3516,4
3517,3
3518,4
3519,4
3520,4
3521,3
3522,3
3523,10
3524,3
3525,4
3526,4
3527,4
3528,4
3529,10
3530,4
3531,4
3532,3
3533,4
3534,10
3535,10
3536,10
3537,10
3538,3
3539,10
3540,10
3541,10
3542,10
3543,3
3544,3
3545,4
3546,4
3547,4
3548,4
3549,3
3550,4
3551,3
3552,4
3553,3
3554,3
3555,3
3556,4
3557,4
3558,4
3559,3
3560,3
3561,3
3562,4
3563,4
3564,4
3565,5
3566,5
3567,6
3568,6
3569,6
3570,7
3571,6
3572,5
3573,6
3574,6
3575,7
3576,5
3577,7
3578,6
3579,3
3580,5
3581,3
3582,3
3583,6
3584,5
3585,6
3586,5
3587,5
3588,6
3589,3
3590,5
3591,3
3592,6
3593,6
3594,6
3595,7
3596,6
3597,1
3598,1
3599,1
3600,1
3601,1
3602,1
3603,1
3604,8
3605,1
3606,1
3607,1
3608,1
3609,4
3610,1
3611,1
3612,1
3613,1
3614,1
3615,1
3616,1
3617,4
3618,4
3619,4
3620,4
3621,4
3622,4
3623,4
3624,4
3625,4
3626,4
3627,4
3628,4
3629,4
3630,4
3631,4
3632,4
3633,4
3634,4
3635,4
3636,4
3637,1
3638,4
3639,2
3640,2
3641,1
3642,1
3643,1
3644,1
3645,4
3646,4
3647,2
3648,4
3649,4
3650,4
3651,4
3652,4
3653,4
3654,4
3655,4
3656,9
3657,9
3658,7
3659,7
3660,9
3661,9
3662,7
3663,7
3664,7
3665,6
3666,6
3667,6
3668,9
3669,9
3670,6
3671,6
3672,9
3673,9
3674,6
3675,9
3676,9
3677,9
3678,6
3679,9
3680,9
3681,9
3682,9
3683,9
3684,9
3685,7
3686,7
3687,7
3688,7
3689,7
3690,7
3691,7
3692,7
3693,7
3694,9
3695,9
3696,9
3697,9
3698,9
3699,9
3700,9
3701,9
3702,9
3703,9
3704,7
3705,7
3706,9
3707,9
3708,9
3709,9
3710,9
3711,9
3712,9
3713,9
3714,6
3715,9
3716,7
3717,9
3718,9
3719,9
3720,9
3721,9
3722,9
3723,9
3724,9
3725,9
3726,9
3727,9
3728,7
3729,9
3730,6
3731,6
3732,7
3733,7
3734,7
3735,6
3736,6
3737,6
3738,7
3739,6
3740,6
3741,6
3742,6
3743,5
3744,6
3745,6
3746,4
3747,4
3748,4
3749,4
3750,4
3751,4
3752,4
3753,4
3754,4
3755,4
3756,4
3757,4
3758,4
3759,4
3760,4
3761,4
3762,4
3763,4
3764,2
3765,4
3766,4
3767,2
3768,4
3769,2
3770,2
3771,4
3772,2
3773,2
3774,2
3775,4
3776,4
3777,7
3778,2
3779,2
3780,1
3781,3
3782,4
3783,1
3784,1
3785,3
3786,1
3787,1
3788,1
3789,1
3790,1
3791,2
3792,3
3793,1
3794,1
3795,1
3796,3
3797,1
3798,3
3799,3
3800,3
3801,3
3802,1
3803,3
3804,1
3805,1
3806,1
3807,1
3808,8
3809,3
3810,2
3811,3
3812,3
3813,2
3814,8
3815,3
3816,8
3817,8
3818,1
3819,1
3820,1
3821,1
3822,1
3823,1
3824,2
3825,1
3826,1
3827,1
3828,1
3829,3
3830,1
3831,1
3832,1
3833,1
3834,3
3835,3
3836,3
3837,1
3838,6
3839,9
3840,7
3841,7
3842,9
3843,9
3844,9
3845,7
3846,7
3847,7
3848,9
3849,7
3850,10
3851,7
3852,7
3853,7
3854,9
3855,7
3856,7
3857,9
3858,9
3859,7
3860,7
3861,7
3862,7
3863,9
3864,7
3865,7
3866,7
3867,5
3868,5
3869,8
3870,8
3871,1
3872,1
3873,8
3874,8
3875,8
3876,8
3877,8
3878,1
3879,8
3880,8
3881,8
3882,8
3883,8
3884,8
3885,8
3886,8
3887,8
3888,8
3889,8
3890,8
3891,3
3892,8
3893,8
3894,8
3895,8
3896,8
3897,8
3898,8
3899,1
3900,8
3901,3
3902,3
3903,3
3904,8
3905,3
3906,3
3907,3
3908,7
3909,2
3910,5
3911,3
3912,3
3913,3
3914,5
3915,5
3916,8
3917,5
3918,5
3919,5
3920,7
3921,7
3922,9
3923,7
3924,6
3925,5
3926,7
3927,9
3928,9
3929,6
3930,5
3931,9
3932,5
3933,7
3934,7
3935,7
3936,5
3937,9
3938,9
3939,7
3940,7
3941,7
3942,5
3943,5
3944,9
3945,5
3946,5
3947,5
3948,8
3949,7
3950,9
3951,2
3952,7
3953,7
3954,9
3955,7
3956,9
3957,9
3958,9
3959,7
3960,7
3961,7
3962,9
3963,9
3964,7
3965,9
3966,7
3967,9
3968,9
3969,9
3970,9
3971,9
3972,9
3973,9
3974,9
3975,9
3976,9
3977,9
3978,9
3979,9
3980,9
3981,7
3982,9
3983,9
3984,7
3985,7
3986,7
3987,7
3988,7
3989,7
3990,7
3991,7
3992,7
3993,9
3994,7
3995,7
3996,7
3997,7
3998,9
3999,9
4000,9
4001,9
4002,9
4003,9
4004,9
4005,9
4006,9
4007,5
4008,9
4009,9
4010,9
4011,9
4012,9
4013,9
4014,9
4015,9
4016,9
4017,9
4018,9
4019,9
4020,9
4021,9
4022,9
4023,9
4024,9
4025,9
4026,9
4027,9
4028,9
4029,9
4030,9
4031,9
4032,9
4033,9
4034,9
4035,10
4036,10
4037,10
4038,10
4039,8
4040,10
4041,7
4042,4
4043,1
4044,8
4045,1
4046,4
4047,8
4048,1
4049,8
4050,8
4051,4
4052,8
4053,9
4054,8
4055,8
4056,8
4057,8
4058,8
4059,8
4060,8
4061,8
4062,8
4063,8
4064,8
4065,8
4066,8
4067,8
4068,8
4069,1
4070,1
4071,10
4072,2
4073,9
4074,8
4075,4
4076,7
4077,6
4078,7
4079,4
4080,9
4081,4
4082,4
4083,4
4084,4
4085,4
4086,4
4087,3
4088,4
4089,7
4090,7
4091,4
4092,3
4093,4
4094,4
4095,4
4096,4
4097,4
4098,4
4099,4
4100,4
4101,7
4102,4
4103,7
4104,5
4105,5
4106,5
4107,7
4108,7
4109,7
4110,7
4111,4
4112,4
4113,7
4114,7
4115,3
4116,7
4117,4
4118,4
4119,7
4120,1
4121,4
4122,4
4123,4
4124,4
4125,4
4126,7
4127,7
4128,7
4129,7
4130,7
4131,5
4132,7
4133,6
4134,7
4135,6
4136,6
4137,7
4138,5
4139,6
4140,6
4141,6
4142,6
4143,6
4144,6
4145,9
4146,6
4147,5
4148,9
4149,6
4150,7
4151,7
4152,6
4153,7
4154,5
4155,10
4156,7
4157,7
4158,3
4159,3
4160,3
4161,3
4162,3
4163,3
4164,2
4165,3
4166,2
4167,5
4168,3
4169,7
4170,5
4171,7
4172,5
4173,5
4174,7
4175,7
4176,1
4177,4
4178,4
4179,4
4180,4
4181,4
4182,4
4183,4
4184,4
4185,4
4186,4
4187,4
4188,4
4189,4
4190,8
4191,7
4192,7
4193,4
4194,7
4195,7
4196,2
4197,2
4198,2
4199,4
4200,2
4201,2
4202,2
4203,2
4204,4
4205,3
4206,4
4207,4
4208,4
4209,4
4210,4
4211,4
4212,3
4213,4
4214,4
4215,4
4216,2
4217,4
4218,2
4219,2
4220,1
4221,3
4222,1
4223,7
4224,3
4225,4
4226,4
4227,4
4228,1
4229,3
4230,1
4231,1
4232,1
4233,1
4234,1
4235,1
4236,1
4237,1
4238,3
4239,2
4240,3
4241,2
4242,9
4243,4
4244,4
4245,9
4246,6
4247,6
4248,9
4249,7
4250,7
4251,7
4252,9
4253,9
4254,7
4255,9
4256,9
4257,9
4258,9
4259,9
4260,7
4261,9
4262,9
4263,9
4264,9
4265,9
4266,9
4267,9
4268,2
4269,2
4270,10
4271,10
4272,10
4273,4
4274,4
4275,10
4276,10
4277,10
4278,4
4279,1
4280,1
4281,4
4282,4
4283,4
4284,4
4285,1
4286,10
4287,10
4288,10
4289,10
4290,10
4291,10
4292,6
4293,5
4294,6
4295,7
4296,7
4297,9
4298,6
4299,6
4300,7
4301,6
4302,6
4303,6
4304,10
4305,7
4306,9
4307,6
4308,6
4309,6
4310,9
4311,7
4312,6
4313,7
4314,7
4315,7
4316,7
4317,9
4318,9
4319,7
4320,9
4321,9
4322,7
4323,5
4324,5
4325,5
4326,1
4327,1
4328,1
4329,1
4330,1
4331,1
4332,1
4333,1
4334,1
4335,1
4336,1
4337,1
4338,1
4339,1
4340,1
4341,1
4342,1
4343,1
4344,1
4345,1
4346,1
4347,7
4348,4
4349,10
4350,10
4351,10
4352,10
4353,4
4354,4
4355,4
4356,10
4357,10
4358,8
4359,1
4360,8
4361,8
4362,8
4363,8
4364,1
4365,1
4366,1
4367,1
4368,1
4369,1
4370,1
4371,1
4372,1
4373,9
4374,7
4375,9
4376,9
4377,7
4378,9
4379,7
4380,9
4381,9
4382,6
4383,9
4384,9
4385,9
4386,9
4387,9
4388,9
4389,9
4390,9
4391,9
4392,9
4393,9
4394,9
4395,9
4396,9
4397,9
4398,9
4399,9
4400,9
4401,9
4402,9
4403,9
4404,9
4405,9
4406,9
4407,9
4408,9
4409,9
4410,9
4411,9
4412,9
4413,9
4414,9
4415,9
4416,9
4417,9
4418,9
4419,9
4420,5
4421,5
4422,5
4423,5
4424,5
4425,5
4426,5
4427,5
4428,6
4429,7
4430,6
4431,7
4432,7
4433,5
4434,5
4435,5
4436,1
4437,5
4438,5
4439,5
4440,10
4441,10
4442,10
4443,8
4444,8
4445,8
4446,10
4447,4
4448,4
4449,10
4450,4
4451,10
4452,4
4453,8
4454,10
4455,10
4456,10
4457,10
4458,10
4459,10
4460,10
4461,10
4462,10
4463,10
4464,10
4465,10
4466,10
4467,4
4468,4
4469,2
4470,8
4471,6
4472,3
4473,10
4474,7
4475,5
4476,7
4477,9
4478,10
4479,6
4480,6
4481,9
4482,1
4483,5
4484,5
4485,8
4486,2
4487,4
4488,4
4489,4
4490,2
4491,10
4492,1
4493,8
4494,4
4495,7
4496,1
4497,10
4498,7
4499,6
4500,5
4501,2
4502,8
4503,9
4504,6
4505,3
4506,1
4507,6
4508,2
4509,5
4510,2
4511,5
4512,2
4513,2
4514,2
4515,5
4516,7
4517,6
4518,5
4519,8
4520,3
4521,4
4522,10
4523,4
4524,9
4525,7
4526,4
4527,7
4528,8
4529,7
4530,7
4531,4
4532,9
4533,1
4534,2
4535,8
4536,8
4537,4
4538,4
4539,2
4540,3
4541,6
4542,7
4543,7
4544,10
4545,5
4546,5
4547,6
4548,7
4549,7
4550,1
4551,4
4552,3
4553,9
4554,3
4555,6
4556,6
4557,5
4558,3
4559,3
4560,7
4561,1
4562,8
4563,4
4564,6
4565,7
4566,1
4567,10
4568,9
4569,7
4570,7
4571,7
4572,9
4573,3
4574,9
4575,9
4576,2
4577,8
4578,8
4579,9
4580,4
4581,1
4582,10
4583,2
4584,4
4585,1
4586,7
4587,4
4588,5
4589,10
4590,6
4591,4
4592,6
4593,1
4594,10
4595,2
4596,10
4597,5
4598,9
4599,5
4600,4
4601,9
4602,7
4603,10
4604,9
4605,7
4606,6
4607,9
4608,1
4609,3
4610,2
4611,1
4612,5
4613,4
4614,6
4615,4
4616,2
4617,1
4618,7
4619,8
4620,2
4621,5
4622,8
4623,8
4624,7
4625,1
4626,9
4627,9
4628,2
4629,1
4630,5
4631,4
4632,2
4633,8
4634,9
4635,8
4636,9
4637,5
4638,2
4639,7
4640,6
4641,10
4642,8
4643,9
4644,5
4645,5
4646,8
4647,6
4648,3
4649,6
4650,1
4651,7
4652,5
4653,7
4654,6
4655,5
4656,2
4657,4
4658,3
4659,7
4660,10
4661,6
4662,8
4663,8
4664,6
4665,4
4666,9
4667,1
4668,7
4669,3
4670,9
4671,10
4672,7
4673,6
4674,1
4675,10
4676,7
4677,9
4678,2
4679,1
4680,10
4681,7
4682,10
4683,3
4684,10
4685,4
4686,3
4687,9
4688,2
4689,7
4690,3
4691,9
4692,10
4693,1
4694,9
4695,6
4696,7
4697,1
4698,9
4699,9
4700,8
4701,1
4702,6
4703,8
4704,6
4705,5
4706,5
4707,4
4708,5
4709,6
4710,9
4711,4
4712,1
4713,10
4714,8
4715,2
4716,7
4717,9
4718,10
4719,7
4720,2
4721,1
4722,2
4723,7
4724,4
4725,7
4726,9
4727,10
4728,4
4729,7
4730,7
4731,8
4732,8
4733,3
4734,6
4735,5
4736,10
4737,3
4738,6
4739,1
4740,10
4741,2
4742,9
4743,1
4744,7
4745,3
4746,10
4747,9
4748,3
4749,2
4750,8
4751,9
4752,3
4753,6
4754,1
4755,5
4756,6
4757,2
4758,7
4759,9
4760,5
4761,6
4762,4
4763,1
4764,9
4765,10
4766,2
4767,3
4768,9
4769,9
4770,1
4771,4
4772,4
4773,9
4774,10
4775,9
4776,9
4777,1
4778,5
4779,7
4780,10
4781,6
4782,6
4783,4
4784,3
4785,5
4786,9
4787,4
4788,10
4789,9
4790,8
4791,3
4792,3
4793,2
4794,1
4795,3
4796,6
4797,6
4798,4
4799,2
4800,1
4801,2
4802,2
4803,3
4804,1
4805,9
4806,10
4807,10
4808,6
4809,7
4810,1
4811,6
4812,4
4813,3
4814,10
4815,8
4816,7
4817,8
4818,10
4819,9
4820,6
4821,2
4822,6
4823,3
4824,9
4825,1
4826,8
4827,2
4828,8
4829,1
4830,8
4831,1
4832,6
4833,5
4834,8
4835,10
4836,5
4837,10
4838,4
4839,4
4840,5
4841,3
4842,3
4843,5
4844,5
4845,8
4846,7
4847,4
4848,1
4849,9
4850,6
4851,10
4852,8
4853,9
4854,10
4855,10
4856,9
4857,4
4858,9
4859,7
4860,9
4861,2
4862,1
4863,6
4864,7
4865,5
4866,3
4867,8
4868,10
4869,8
4870,4
4871,4
4872,6
4873,6
4874,5
4875,9
4876,8
4877,4
4878,6
4879,10
4880,9
4881,3
4882,6
4883,9
4884,2
4885,8
4886,6
4887,4
4888,10
4889,3
4890,9
4891,5
4892,9
4893,8
4894,7
4895,10
4896,10
4897,8
4898,1
4899,9
4900,1
4901,1
4902,6
4903,8
4904,8
4905,9
4906,5
4907,9
4908,10
4909,4
4910,8
4911,1
4912,7
4913,9
4914,1
4915,9
4916,7
4917,9
4918,9
4919,8
4920,2
4921,2
4922,5
4923,3
4924,9
4925,4
4926,1
4927,3
4928,4
4929,9
4930,8
4931,1
4932,7
4933,4
4934,10
4935,5
4936,8
4937,3
4938,2
4939,1
4940,9
4941,8
4942,8
4943,10
4944,1
4945,4
4946,3
4947,7
4948,5
4949,2
4950,7
4951,2
4952,1
4953,1
4954,7
4955,2
4956,6
4957,9
4958,9
4959,6
4960,4
4961,8
4962,10
4963,9
4964,10
4965,10
4966,8
4967,8
4968,7
4969,10
4970,2
4971,1
4972,9
4973,1
4974,10
4975,2
4976,2
4977,6
4978,10
4979,2
4980,7
4981,9
4982,8
4983,9
4984,8
4985,5
4986,4
4987,7
4988,8
4989,3
4990,10
4991,7
4992,2
4993,9
4994,8
4995,1
4996,9
4997,5
4998,2
4999,3
5000,10
5001,7
5002,10
5003,9
5004,8
5005,8
5006,7
5007,3
5008,5
5009,5
5010,2
5011,7
5012,1
5013,6
5014,9
5015,5
5016,3
5017,10
5018,2
5019,5
5020,7
5021,4
5022,6
5023,9
5024,2
5025,7
5026,3
5027,1
5028,8
5029,7
5030,1
5031,6
5032,9
5033,10
5034,7
5035,4
5036,1
5037,9
5038,4
5039,10
5040,2
5041,9
5042,1
5043,5
5044,2
5045,5
5046,1
5047,1
5048,8
5049,7
5050,4
5051,4
5052,8
5053,1
5054,7
5055,1
5056,2
5057,5
5058,3
5059,5
5060,6
5061,8
5062,4
5063,3
5064,1
5065,7
5066,1
5067,8
5068,6
5069,5
5070,4
5071,6
5072,6
5073,9
5074,3
5075,7
5076,1
5077,10
5078,5
5079,9
5080,4
5081,10
5082,9
5083,4
5084,2
5085,4
5086,5
5087,2
5088,10
5089,9
5090,5
5091,3
5092,9
5093,10
5094,10
5095,4
5096,1
5097,10
5098,6
5099,2
5100,6
5101,8
5102,2
5103,9
5104,7
5105,4
5106,2
5107,6
5108,6
5109,9
5110,4
5111,2
5112,3
5113,10
5114,2
5115,6
5116,2
5117,4
5118,10
5119,1
5120,1
5121,1
5122,8
5123,7
5124,6
5125,7
5126,10
5127,3
5128,3
5129,7
5130,7
5131,9
5132,3
5133,9
5134,10
5135,2
5136,7
5137,1
5138,10
5139,5
5140,9
5141,9
5142,1
5143,3
5144,6
5145,9
5146,6
5147,7
5148,10
5149,9
5150,2
5151,6
5152,9
5153,5
5154,9
5155,2
5156,4
5157,6
5158,1
5159,10
5160,10
5161,6
5162,4
5163,9
5164,9
5165,5
5166,9
5167,6
5168,7
5169,10
5170,1
5171,5
5172,1
5173,8
5174,9
5175,8
5176,9
5177,4
5178,6
5179,6
5180,6
5181,4
5182,1
5183,10
5184,1
5185,1
5186,9
5187,8
5188,4
5189,7
5190,6
5191,1
5192,5
5193,4
5194,4
5195,2
5196,6
5197,4
5198,1
5199,5
5200,7
5201,10
5202,4
5203,4
5204,6
5205,1
5206,10
5207,4
5208,3
5209,9
5210,9
5211,9
5212,8
5213,7
5214,7
5215,6
5216,7
5217,10
5218,2
5219,10
5220,5
5221,3
5222,8
5223,10
5224,9
5225,4
5226,9
5227,8
5228,10
5229,1
5230,7
5231,9
5232,5
5233,8
5234,4
5235,2
5236,7
5237,10
5238,9
5239,9
5240,7
5241,3
5242,5
5243,3
5244,8
5245,9
5246,9
5247,10
5248,2
5249,8
5250,6
5251,6
5252,4
5253,9
5254,5
5255,3
5256,8
5257,9
5258,6
5259,9
5260,8
5261,9
5262,10
5263,6
5264,4
5265,3
5266,7
5267,2
5268,9
5269,9
5270,9
5271,2
5272,4
5273,9
5274,6
5275,8
5276,2
5277,2
5278,8
5279,8
5280,8
5281,3
5282,2
5283,5
5284,10
5285,8
5286,4
5287,2
5288,6
5289,2
5290,6
5291,4
5292,3
5293,10
5294,8
5295,3
5296,8
5297,8
5298,4
5299,6
5300,9
5301,8
5302,2
5303,4
5304,9
5305,4
5306,3
5307,9
5308,5
5309,8
5310,8
5311,1
5312,3
5313,9
5314,9
5315,8
5316,5
5317,7
5318,4
5319,7
5320,7
5321,10
5322,10
5323,9
5324,8
5325,8
5326,4
5327,5
5328,4
5329,5
5330,7
5331,3
5332,7
5333,7
5334,1
5335,3
5336,7
5337,7
5338,3
5339,3
5340,4
5341,5
5342,10
5343,9
5344,4
5345,10
5346,9
5347,6
5348,5
5349,9
5350,2
5351,2
5352,4
5353,8
5354,9
5355,3
5356,8
5357,3
5358,9
5359,7
5360,4
5361,9
5362,4
5363,9
5364,4
5365,10
5366,1
5367,10
5368,9
5369,8
5370,5
5371,6
5372,6
5373,7
5374,7
5375,4
5376,5
5377,8
5378,4
5379,7
5380,1
5381,4
5382,8
5383,10
5384,4
5385,5
5386,6
5387,2
5388,2
5389,8
5390,10
5391,2
5392,2
5393,7
5394,1
5395,9
5396,10
5397,6
5398,6
5399,2
5400,9
5401,8
5402,4
5403,6
5404,6
5405,2
5406,2
5407,5
5408,9
5409,9
5410,4
5411,7
5412,5
5413,9
5414,5
5415,2
5416,5
5417,9
5418,8
5419,4
5420,5
5421,4
5422,4
5423,8
5424,1
5425,8
5426,4
5427,4
5428,2
5429,4
5430,2
5431,4
5432,9
5433,10
5434,5
5435,10
5436,10
5437,4
5438,10
5439,2
5440,8
5441,5
5442,2
5443,5
5444,2
5445,2
5446,6
5447,4
5448,1
5449,8
5450,2
5451,7
5452,10
5453,1
5454,7
5455,6
5456,8
5457,5
5458,7
5459,1
5460,7
5461,1
5462,5
5463,9
5464,9
5465,8
5466,3
5467,9
5468,6
5469,1
5470,1
5471,9
5472,4
5473,5
5474,4
5475,7
5476,2
5477,3
5478,6
5479,6
5480,4
5481,1
5482,6
5483,9
5484,4
5485,10
5486,5
5487,7
5488,7
5489,2
5490,9
5491,8
5492,3
5493,2
5494,9
5495,10
5496,3
5497,9
5498,5
5499,5
5500,3
5501,8
5502,2
5503,3
5504,4
5505,6
5506,1
5507,6
5508,9
5509,6
5510,3
5511,2
5512,9
5513,2
5514,7
5515,5
5516,6
5517,8
5518,2
5519,8
5520,2
5521,4
5522,9
5523,2
5524,1
5525,10
5526,2
5527,3
5528,6
5529,4
5530,1
5531,5
5532,6
5533,9
5534,4
5535,3
5536,4
5537,2
5538,4
5539,5
5540,8
5541,6
5542,6
5543,7
5544,3
5545,2
5546,8
5547,10
5548,10
5549,4
5550,8
5551,7
5552,2
5553,8
5554,9
5555,7
5556,2
5557,8
5558,6
5559,2
5560,5
5561,9
5562,4
5563,9
5564,4
5565,1
5566,5
5567,5
5568,8
5569,1
5570,6
5571,9
5572,10
5573,4
5574,3
5575,1
5576,4
5577,10
5578,8
5579,1
5580,8
5581,7
5582,9
5583,8
5584,10
5585,2
5586,6
5587,8
5588,4
5589,2
5590,9
5591,1
5592,9
5593,3
5594,8
5595,6
5596,8
5597,6
5598,6
5599,9
5600,6
5601,3
5602,3
5603,8
5604,4
5605,7
5606,2
5607,2
5608,7
5609,10
5610,7
5611,9
5612,8
5613,8
5614,6
5615,2
5616,6
5617,8
5618,6
5619,4
5620,9
5621,5
5622,5
5623,1
5624,10
5625,8
5626,9
5627,9
5628,1
5629,10
5630,7
5631,2
5632,2
5633,10
5634,9
5635,10
5636,6
5637,2
5638,6
5639,2
5640,1
5641,1
5642,9
5643,1
5644,9
5645,1
5646,7
5647,3
5648,2
5649,10
5650,5
5651,4
5652,1
5653,7
5654,7
5655,4
5656,9
5657,10
5658,4
5659,9
5660,10
5661,5
5662,9
5663,5
5664,3
5665,5
5666,7
5667,5
5668,10
5669,5
5670,6
5671,3
5672,3
5673,9
5674,3
5675,2
5676,9
5677,2
5678,7
5679,7
5680,4
5681,3
5682,6
5683,6
5684,8
5685,10
5686,2
5687,6
5688,7
5689,5
5690,3
5691,8
5692,9
5693,8
5694,2
5695,6
5696,2
5697,8
5698,4
5699,2
5700,7
5701,8
5702,3
5703,6
5704,6
5705,9
5706,1
5707,6
5708,1
5709,9
5710,7
5711,4
5712,9
5713,10
5714,8
5715,9
5716,9
5717,5
5718,1
5719,6
5720,6
5721,7
5722,7
5723,8
5724,9
5725,7
5726,9
5727,6
5728,2
5729,10
5730,6
5731,2
5732,8
5733,7
5734,7
5735,10
5736,2
5737,5
5738,8
5739,1
5740,3
5741,6
5742,10
5743,8
5744,9
5745,4
5746,9
5747,9
5748,6
5749,6
5750,8
5751,7
5752,6
5753,3
5754,2
5755,10
5756,6
5757,9
5758,7
5759,6
5760,5
5761,1
5762,9
5763,7
5764,10
5765,8
5766,10
5767,9
5768,9
5769,3
5770,6
5771,1
5772,9
5773,7
5774,5
5775,8
5776,7
5777,4
5778,4
5779,6
5780,7
5781,3
5782,7
5783,5
5784,5
5785,2
5786,5
5787,2
5788,6
5789,9
5790,5
5791,5
5792,8
5793,7
5794,8
5795,3
5796,4
5797,9
5798,5
5799,1
5800,7
5801,10
5802,8
5803,5
5804,1
5805,5
5806,6
5807,8
5808,4
5809,6
5810,7
5811,1
5812,6
5813,2
5814,6
5815,5
5816,7
5817,3
5818,5
5819,8
5820,9
5821,5
5822,9
5823,5
5824,1
5825,6
5826,10
5827,9
5828,3
5829,9
5830,7
5831,1
5832,4
5833,4
5834,8
5835,3
5836,3
5837,4
5838,10
5839,3
5840,5
5841,10
5842,7
5843,1
5844,7
5845,7
5846,1
5847,2
5848,3
5849,6
5850,6
5851,8
5852,8
5853,8
5854,8
5855,2
5856,3
5857,6
5858,2
5859,6
5860,9
5861,8
5862,2
5863,9
5864,3
5865,1
5866,4
5867,3
5868,9
5869,4
5870,4
5871,8
5872,2
5873,2
5874,2
5875,1
5876,1
5877,6
5878,7
5879,3
5880,6
5881,1
5882,1
5883,9
5884,4
5885,2
5886,7
5887,3
5888,3
5889,10
5890,5
5891,7
5892,2
5893,5
5894,1
5895,10
5896,4
5897,4
5898,1
5899,6
5900,8
5901,9
5902,6
5903,2
5904,2
5905,2
5906,8
5907,4
5908,9
5909,8
5910,2
5911,1
5912,6
5913,4
5914,7
5915,4
5916,7
5917,3
5918,10
5919,9
5920,6
5921,1
5922,1
5923,4
5924,5
5925,1
5926,8
5927,9
5928,9
5929,5
5930,5
5931,5
5932,10
5933,1
5934,8
5935,4
5936,6
5937,8
5938,1
5939,1
5940,2
5941,1
5942,9
5943,6
5944,1
5945,2
5946,8
5947,2
5948,9
5949,6
5950,10
5951,1
5952,4
5953,1
5954,2
5955,1
5956,8
5957,6
5958,5
5959,9
5960,3
5961,6
5962,9
5963,1
5964,7
5965,2
5966,10
5967,5
5968,7
5969,4
5970,2
5971,3
5972,6
5973,2
5974,3
5975,7
5976,5
5977,9
5978,10
5979,5
5980,4
5981,8
5982,9
5983,9
5984,10
5985,8
5986,5
5987,8
5988,4
5989,8
5990,10
5991,8
5992,3
5993,8
5994,1
5995,7
5996,9
5997,3
5998,1
5999,4
6000,8
6001,7
6002,4
6003,9
6004,6
6005,7
6006,3
6007,10
6008,8
6009,9
6010,2
6011,5
6012,4
6013,7
6014,2
6015,7
6016,7
6017,5
6018,3
6019,7
6020,2
6021,8
6022,6
6023,1
6024,3
6025,1
6026,7
6027,8
6028,4
6029,6
6030,4
6031,9
6032,7
6033,5
6034,9
6035,6
6036,2
6037,1
6038,2
6039,4
6040,9
6041,4
6042,4
6043,3
6044,9
6045,3
6046,3
6047,10
6048,9
6049,1
6050,8
6051,10
6052,8
6053,6
6054,7
6055,2
6056,6
6057,4
6058,7
6059,4
6060,6
6061,4
6062,6
6063,4
6064,2
6065,4
6066,1
6067,7
6068,8
6069,10
6070,5
6071,7
6072,6
6073,8
6074,8
6075,9
6076,2
6077,6
6078,9
6079,8
6080,8
6081,10
6082,9
6083,9
6084,5
6085,8
6086,9
6087,2
6088,8
6089,8
6090,9
6091,10
6092,5
6093,1
6094,1
6095,7
6096,2
6097,8
6098,8
6099,9
6100,9
6101,4
6102,1
6103,9
6104,5
6105,9
6106,10
6107,1
6108,4
6109,9
6110,9
6111,2
6112,10
6113,5
6114,8
6115,4
6116,4
6117,8
6118,4
6119,6
6120,10
6121,8
6122,9
6123,1
6124,2
6125,3
6126,4
6127,1
6128,4
6129,7
6130,1
6131,8
6132,7
6133,10
6134,4
6135,8
6136,4
6137,9
6138,9
6139,5
6140,9
6141,6
6142,2
6143,2
6144,5
6145,2
6146,2
6147,3
6148,4
6149,1
6150,8
6151,1
6152,8
6153,7
6154,7
6155,5
6156,7
6157,6
6158,10
6159,1
6160,2
6161,5
6162,4
6163,7
6164,4
6165,4
6166,7
6167,8
6168,1
6169,1
6170,3
6171,8
6172,6
6173,3
6174,7
6175,2
6176,8
6177,9
6178,9
6179,7
6180,6
6181,1
6182,9
6183,2
6184,2
6185,5
6186,9
6187,3
6188,3
6189,4
6190,7
6191,6
6192,9
6193,9
6194,5
6195,10
6196,8
6197,1
6198,9
6199,10
6200,5
6201,5
6202,4
6203,6
6204,2
6205,4
6206,8
6207,9
6208,2
6209,3
6210,3
6211,7
6212,6
6213,3
6214,1
6215,6
6216,6
6217,2
6218,3
6219,3
6220,4
6221,8
6222,7
6223,7
6224,9
6225,8
6226,6
6227,9
6228,1
6229,5
6230,7
6231,6
6232,6
6233,4
6234,6
6235,6
6236,1
6237,6
6238,2
6239,6
6240,6
6241,9
6242,3
6243,3
6244,9
6245,6
6246,6
6247,4
6248,6
6249,5
6250,1
6251,9
6252,6
6253,8
6254,4
6255,3
6256,8
6257,1
6258,9
6259,8
6260,6
6261,1
6262,8
6263,3
6264,10
6265,8
6266,9
6267,7
6268,8
6269,3
6270,7
6271,3
6272,8
6273,4
6274,9
6275,1
6276,8
6277,9
6278,10
6279,8
6280,9
6281,7
6282,3
6283,8
6284,2
6285,7
6286,8
6287,2
6288,5
6289,9
6290,2
6291,5
6292,5
6293,7
6294,2
6295,2
6296,6
6297,2
6298,3
6299,6
6300,6
6301,6
6302,9
6303,9
6304,7
6305,7
6306,8
6307,1
6308,6
6309,2
6310,3
6311,1
6312,9
6313,7
6314,5
6315,1
6316,2
6317,3
6318,2
6319,2
6320,2
6321,6
6322,2
6323,6
6324,9
6325,1
6326,9
6327,8
6328,2
6329,4
6330,3
6331,5
6332,7
6333,10
6334,6
6335,9
6336,8
6337,9
6338,5
6339,1
6340,8
6341,9
6342,3
6343,5
6344,6
6345,10
6346,9
6347,5
6348,7
6349,1
6350,10
6351,8
6352,7
6353,3
6354,5
6355,7
6356,4
6357,9
6358,1
6359,9
6360,3
6361,6
6362,2
6363,3
6364,4
6365,1
6366,2
6367,4
6368,9
6369,3
6370,9
6371,7
6372,9
6373,1
6374,9
6375,8
6376,2
6377,4
6378,4
6379,4
6380,1
6381,8
6382,3
6383,9
6384,5
6385,5
6386,10
6387,8
6388,7
6389,1
6390,6
6391,5
6392,3
6393,5
6394,3
6395,3
6396,8
6397,2
6398,6
6399,5
6400,3
6401,2
6402,7
6403,4
6404,5
6405,2
6406,9
6407,9
6408,10
6409,10
6410,9
6411,10
6412,8
6413,3
6414,3
6415,9
6416,9
6417,5
6418,6
6419,3
6420,6
6421,5
6422,9
6423,8
6424,8
6425,10
6426,3
6427,9
6428,10
6429,10
6430,10
6431,9
6432,9
6433,9
6434,2
6435,9
6436,2
6437,2
6438,6
6439,4
6440,5
6441,8
6442,1
6443,5
6444,4
6445,7
6446,9
6447,1
6448,6
6449,9
6450,8
6451,7
6452,8
6453,1
6454,7
6455,3
6456,4
6457,9
6458,7
6459,7
6460,3
6461,9
6462,3
6463,10
6464,5
6465,7
6466,4
6467,8
6468,2
6469,4
6470,2
6471,1
6472,2
6473,10
6474,7
6475,9
6476,10
6477,1
6478,1
6479,4
6480,8
6481,3
6482,8
6483,5
6484,5
6485,1
6486,2
6487,4
6488,8
6489,2
6490,10
6491,10
6492,5
6493,5
6494,2
6495,9
6496,10
6497,7
6498,9
6499,1
6500,4
6501,9
6502,4
6503,10
6504,3
6505,5
6506,8
6507,4
6508,9
6509,6
6510,8
6511,10
6512,1
6513,8
6514,9
6515,8
6516,9
6517,6
6518,6
6519,10
6520,2
6521,1
6522,7
6523,6
6524,4
6525,2
6526,4
6527,8
6528,9
6529,1
6530,10
6531,10
6532,6
6533,9
6534,5
6535,7
6536,5
6537,1
6538,9
6539,4
6540,1
6541,8
6542,7
6543,1
6544,10
6545,3
6546,4
6547,10
6548,8
6549,9
6550,5
6551,2
6552,6
6553,8
6554,7
6555,1
6556,9
6557,8
6558,1
6559,5
6560,7
6561,7
6562,10
6563,6
6564,3
6565,9
6566,4
6567,3
6568,1
6569,8
6570,10
6571,5
6572,7
6573,4
6574,5
6575,9
6576,1
6577,4
6578,10
6579,10
6580,6
6581,9
6582,1
6583,8
6584,9
6585,9
6586,6
6587,7
6588,4
6589,6
6590,7
6591,2
6592,7
6593,4
6594,9
6595,3
6596,4
6597,6
6598,3
6599,1
6600,7
6601,8
6602,6
6603,3
6604,10
6605,6
6606,7
6607,9
6608,9
6609,3
6610,1
6611,8
6612,7
6613,4
6614,3
6615,2
6616,5
6617,5
6618,2
6619,8
6620,3
6621,7
6622,8
6623,7
6624,9
6625,1
6626,7
6627,10
6628,5
6629,5
6630,9
6631,4
6632,4
6633,10
6634,10
6635,1
6636,9
6637,6
6638,4
6639,2
6640,9
6641,10
6642,3
6643,8
6644,9
6645,10
6646,1
6647,10
6648,7
6649,10
6650,2
6651,5
6652,7
6653,8
6654,2
6655,9
6656,1
6657,4
6658,9
6659,7
6660,7
6661,5
6662,9
6663,8
6664,5
6665,4
6666,9
6667,9
6668,1
6669,9
6670,8
6671,3
6672,6
6673,5
6674,9
6675,1
6676,10
6677,2
6678,3
6679,9
6680,9
6681,5
6682,2
6683,6
6684,9
6685,1
6686,1
6687,9
6688,9
6689,7
6690,4
6691,9
6692,7
6693,7
6694,9
6695,7
6696,8
6697,6
6698,8
6699,5
6700,10
6701,4
6702,8
6703,1
6704,8
6705,3
6706,10
6707,5
6708,5
6709,1
6710,4
6711,2
6712,1
6713,8
6714,8
6715,9
6716,7
6717,10
6718,7
6719,9
6720,5
6721,4
6722,8
6723,9
6724,4
6725,9
6726,2
6727,5
6728,7
6729,3
6730,8
6731,4
6732,2
6733,8
6734,6
6735,10
6736,1
6737,7
6738,10
6739,4
6740,4
6741,7
6742,10
6743,7
6744,3
6745,2
6746,8
6747,5
6748,5
6749,8
6750,2
6751,9
6752,4
6753,7
6754,8
6755,9
6756,4
6757,3
6758,4
6759,8
6760,9
6761,8
6762,8
6763,4
6764,8
6765,9
6766,9
6767,4
6768,6
6769,1
6770,8
6771,5
6772,5
6773,6
6774,2
6775,8
6776,8
6777,10
6778,8
6779,9
6780,5
6781,9
6782,8
6783,4
6784,6
6785,7
6786,6
6787,6
6788,6
6789,5
6790,8
6791,3
6792,9
6793,4
6794,4
6795,1
6796,10
6797,1
6798,4
6799,7
6800,5
6801,7
6802,1
6803,2
6804,4
6805,10
6806,9
6807,3
6808,4
6809,4
6810,7
6811,5
6812,8
6813,4
6814,4
6815,3
6816,1
6817,1
6818,4
6819,10
6820,5
6821,8
6822,9
6823,9
6824,6
6825,6
6826,2
6827,8
6828,9
6829,2
6830,4
6831,4
6832,6
6833,8
6834,7
6835,2
6836,1
6837,10
6838,4
6839,9
6840,1
6841,10
6842,2
6843,9
6844,9
6845,7
6846,9
6847,7
6848,1
6849,10
6850,6
6851,8
6852,7
6853,2
6854,10
6855,2
6856,9
6857,4
6858,7
6859,1
6860,7
6861,10
6862,2
6863,4
6864,2
6865,6
6866,8
6867,6
6868,2
6869,10
6870,8
6871,9
6872,7
6873,9
6874,7
6875,6
6876,6
6877,10
6878,9
6879,7
6880,5
6881,10
6882,1
6883,10
6884,9
6885,3
6886,6
6887,1
6888,7
6889,9
6890,10
6891,8
6892,8
6893,4
6894,10
6895,3
6896,1
6897,10
6898,2
6899,2
6900,4
6901,6
6902,4
6903,2
6904,1
6905,8
6906,1
6907,7
6908,8
6909,9
6910,1
6911,5
6912,2
6913,5
6914,1
6915,4
6916,10
6917,8
6918,3
6919,3
6920,7
6921,6
6922,9
6923,8
6924,2
6925,5
6926,6
6927,5
6928,10
6929,4
6930,7
6931,9
6932,8
6933,7
6934,3
6935,9
6936,9
6937,10
6938,4
6939,9
6940,8
6941,1
6942,4
6943,7
6944,9
6945,5
6946,4
6947,3
6948,8
6949,5
6950,5
6951,9
6952,3
6953,6
6954,10
6955,6
6956,9
6957,9
6958,6
6959,5
6960,7
6961,3
6962,6
6963,3
6964,3
6965,2
6966,5
6967,8
6968,8
6969,1
6970,5
6971,8
6972,6
6973,2
6974,2
6975,7
6976,4
6977,8
6978,5
6979,9
6980,1
6981,2
6982,3
6983,6
6984,7
6985,5
6986,7
6987,2
6988,3
6989,4
6990,8
6991,5
6992,8
6993,7
6994,10
6995,7
6996,10
6997,2
6998,9
6999,2
7000,10
7001,10
7002,4
7003,8
7004,9
7005,5
7006,5
7007,3
7008,4
7009,3
7010,1
7011,3
7012,3
7013,10
7014,5
7015,9
7016,3
7017,8
7018,5
7019,8
7020,6
7021,6
7022,2
7023,10
7024,6
7025,9
7026,2
7027,7
7028,1
7029,8
7030,2
7031,3
7032,1
7033,10
7034,5
7035,4
7036,10
7037,2
7038,1
7039,8
7040,9
7041,6
7042,8
7043,6
7044,1
7045,2
7046,6
7047,8
7048,9
7049,5
7050,8
7051,9
7052,2
7053,1
7054,10
7055,8
7056,7
7057,2
7058,5
7059,9
7060,8
7061,7
7062,5
7063,5
7064,5
7065,5
7066,10
7067,9
7068,8
7069,9
7070,7
7071,2
7072,7
7073,10
7074,8
7075,1
7076,1
7077,1
7078,8
7079,8
7080,9
7081,9
7082,7
7083,9
7084,10
7085,2
7086,9
7087,5
7088,5
7089,5
7090,4
7091,2
7092,8
7093,8
7094,1
7095,8
7096,2
7097,2
7098,4
7099,9
7100,9
7101,8
7102,5
7103,10
7104,1
7105,1
7106,10
7107,7
7108,10
7109,2
7110,9
7111,9
7112,9
7113,3
7114,3
7115,6
7116,2
7117,6
7118,3
7119,9
7120,4
7121,8
7122,4
7123,10
7124,2
7125,10
7126,4
7127,4
7128,9
7129,4
7130,8
7131,5
7132,5
7133,10
7134,7
7135,8
7136,10
7137,5
7138,5
7139,8
7140,7
7141,2
7142,10
7143,5
7144,10
7145,2
7146,8
7147,10
7148,9
7149,2
7150,10
7151,5
7152,7
7153,1
7154,5
7155,1
7156,6
7157,7
7158,1
7159,8
7160,1
7161,2
7162,7
7163,4
7164,7
7165,6
7166,9
7167,7
7168,5
7169,9
7170,9
7171,6
7172,8
7173,7
7174,3
7175,7
7176,9
7177,6
7178,10
7179,6
7180,8
7181,3
7182,5
7183,3
7184,9
7185,6
7186,8
7187,2
7188,7
7189,10
7190,8
7191,8
7192,7
7193,8
7194,4
7195,8
7196,6
7197,5
7198,9
7199,10
7200,1
7201,2
7202,10
7203,5
7204,10
7205,6
7206,9
7207,9
7208,6
7209,6
7210,8
7211,8
7212,8
7213,9
7214,2
7215,7
7216,1
7217,10
7218,5
7219,2
7220,6
7221,2
7222,1
7223,8
7224,6
7225,4
7226,8
7227,9
7228,7
7229,9
7230,3
7231,10
7232,9
7233,8
7234,3
7235,4
7236,5
7237,3
7238,2
7239,7
7240,7
7241,10
7242,5
7243,9
7244,5
7245,4
7246,2
7247,2
7248,10
7249,6
7250,2
7251,5
7252,6
7253,10
7254,3
7255,3
7256,2
7257,6
7258,3
7259,8
7260,10
7261,4
7262,9
7263,4
7264,8
7265,10
7266,6
7267,3
7268,3
7269,8
7270,8
7271,9
7272,9
7273,5
7274,1
7275,3
7276,4
7277,4
7278,8
7279,4
7280,5
7281,7
7282,9
7283,3
7284,10
7285,1
7286,6
7287,4
7288,7
7289,10
7290,3
7291,6
7292,1
7293,6
7294,6
7295,3
7296,10
7297,2
7298,8
7299,4
7300,5
7301,10
7302,4
7303,6
7304,10
7305,8
7306,2
7307,7
7308,9
7309,8
7310,2
7311,6
7312,5
7313,9
7314,1
7315,5
7316,10
7317,7
7318,1
7319,4
7320,1
7321,10
7322,9
7323,10
7324,3
7325,8
7326,5
7327,6
7328,3
7329,9
7330,2
7331,10
7332,9
7333,5
7334,5
7335,7
7336,1
7337,4
7338,1
7339,5
7340,3
7341,2
7342,6
7343,4
7344,9
7345,8
7346,10
7347,6
7348,5
7349,6
7350,2
7351,3
7352,4
7353,9
7354,4
7355,1
7356,2
7357,2
7358,8
7359,8
7360,6
7361,4
7362,9
7363,2
7364,5
7365,6
7366,3
7367,2
7368,3
7369,7
7370,5
7371,5
7372,1
7373,6
7374,10
7375,5
7376,4
7377,9
7378,4
7379,10
7380,9
7381,10
7382,5
7383,8
7384,6
7385,10
7386,8
7387,1
7388,2
7389,9
7390,3
7391,7
7392,9
7393,9
7394,3
7395,1
7396,5
7397,1
7398,8
7399,10
7400,5
7401,1
7402,10
7403,9
7404,2
7405,9
7406,2
7407,5
7408,7
7409,6
7410,5
7411,3
7412,6
7413,9
7414,6
7415,6
7416,7
7417,4
7418,8
7419,3
7420,5
7421,9
7422,8
7423,7
7424,6
7425,3
7426,8
7427,8
7428,2
7429,2
7430,3
7431,3
7432,1
7433,6
7434,2
7435,2
7436,9
7437,6
7438,5
7439,7
7440,9
7441,1
7442,6
7443,10
7444,2
7445,7
7446,10
7447,5
7448,5
7449,1
7450,4
7451,1
7452,3
7453,6
7454,1
7455,8
7456,1
7457,4
7458,9
7459,2
7460,9
7461,10
7462,4
7463,6
7464,8
7465,6
7466,4
7467,6
7468,10
7469,3
7470,2
7471,5
7472,8
7473,8
7474,3
7475,4
7476,7
7477,6
7478,9
7479,4
7480,4
7481,5
7482,7
7483,9
7484,1
7485,6
7486,3
7487,9
7488,1
7489,9
7490,2
7491,8
7492,3
7493,7
7494,4
7495,5
7496,8
7497,4
7498,5
7499,4
7500,10
7501,4
7502,8
7503,9
7504,4
7505,9
7506,8
7507,3
7508,5
7509,9
7510,6
7511,4
7512,9
7513,4
7514,9
7515,10
7516,7
7517,9
7518,10
7519,10
7520,7
7521,10
7522,5
7523,4
7524,6
7525,6
7526,6
7527,7
7528,7
7529,10
7530,9
7531,9
7532,8
7533,3
7534,4
7535,4
7536,8
7537,9
7538,3
7539,7
7540,10
7541,9
7542,5
7543,4
7544,4
7545,9
7546,6
7547,8
7548,8
7549,1
7550,4
7551,5
7552,8
7553,8
7554,2
7555,7
7556,5
7557,5
7558,8
7559,1
7560,1
7561,7
7562,1
7563,5
7564,4
7565,4
7566,8
7567,8
7568,1
7569,1
7570,8
7571,3
7572,10
7573,3
7574,4
7575,8
7576,3
7577,2
7578,10
7579,10
7580,7
7581,6
7582,4
7583,8
7584,2
7585,6
7586,6
7587,6
7588,3
7589,7
7590,2
7591,9
7592,7
7593,2
7594,3
7595,10
7596,3
7597,5
7598,2
7599,6
7600,3
7601,9
7602,4
7603,7
7604,5
7605,6
7606,8
7607,3
7608,7
7609,9
7610,10
7611,1
7612,7
7613,10
7614,6
7615,4
7616,7
7617,6
7618,4
7619,1
7620,7
7621,10
7622,4
7623,6
7624,4
7625,2
7626,5
7627,10
7628,5
7629,9
7630,5
7631,6
7632,5
7633,7
7634,5
7635,9
7636,2
7637,1
7638,1
7639,7
7640,5
7641,1
7642,2
7643,3
7644,2
7645,6
7646,2
7647,2
7648,4
7649,2
7650,9
7651,6
7652,1
7653,1
7654,4
7655,4
7656,4
7657,9
7658,9
7659,8
7660,6
7661,3
7662,4
7663,1
7664,4
7665,5
7666,8
7667,2
7668,2
7669,2
7670,7
7671,4
7672,4
7673,4
7674,3
7675,10
7676,9
7677,3
7678,9
7679,9
7680,4
7681,2
7682,7
7683,9
7684,5
7685,10
7686,1
7687,2
7688,4
7689,5
7690,5
7691,9
7692,7
7693,8
7694,4
7695,3
7696,5
7697,9
7698,10
7699,9
7700,2
7701,5
7702,6
7703,2
7704,6
7705,7
7706,1
7707,6
7708,5
7709,6
7710,9
7711,1
7712,4
7713,9
7714,4
7715,6
7716,9
7717,4
7718,4
7719,10
7720,10
7721,2
7722,7
7723,6
7724,6
7725,1
7726,9
7727,6
7728,8
7729,2
7730,9
7731,7
7732,2
7733,3
7734,6
7735,5
7736,9
7737,3
7738,5
7739,9
7740,4
7741,2
7742,9
7743,1
7744,9
7745,5
7746,6
7747,10
7748,6
7749,7
7750,5
7751,7
7752,2
7753,1
7754,6
7755,6
7756,8
7757,5
7758,3
7759,4
7760,9
7761,8
7762,1
7763,9
7764,3
7765,1
7766,8
7767,8
7768,1
7769,6
7770,2
7771,5
7772,8
7773,4
7774,9
7775,5
7776,6
7777,4
7778,8
7779,10
7780,7
7781,9
7782,6
7783,1
7784,8
7785,3
7786,4
7787,8
7788,3
7789,8
7790,7
7791,8
7792,7
7793,8
7794,2
7795,7
7796,4
7797,5
7798,8
7799,9
7800,1
7801,7
7802,8
7803,5
7804,5
7805,2
7806,6
7807,6
7808,8
7809,3
7810,2
7811,7
7812,4
7813,4
7814,10
7815,6
7816,10
7817,5
7818,3
7819,9
7820,4
7821,9
7822,2
7823,10
7824,5
7825,3
7826,3
7827,4
7828,1
7829,10
7830,8
7831,2
7832,3
7833,2
7834,5
7835,4
7836,2
7837,9
7838,10
7839,9
7840,3
7841,4
7842,9
7843,1
7844,9
7845,10
7846,1
7847,9
7848,9
7849,8
7850,4
7851,8
7852,5
7853,9
7854,10
7855,8
7856,4
7857,1
7858,8
7859,5
7860,10
7861,10
7862,10
7863,8
7864,4
7865,8
7866,1
7867,4
7868,9
7869,4
7870,6
7871,10
7872,10
7873,9
7874,5
7875,4
7876,10
7877,5
7878,6
7879,3
7880,4
7881,2
7882,10
7883,8
7884,4
7885,10
7886,5
7887,2
7888,7
7889,7
7890,9
7891,4
7892,8
7893,10
7894,9
7895,1
7896,8
7897,1
7898,2
7899,4
7900,7
7901,4
7902,4
7903,7
7904,8
7905,10
7906,9
7907,8
7908,8
7909,8
7910,1
7911,9
7912,7
7913,7
7914,5
7915,2
7916,8
7917,7
7918,2
7919,10
7920,10
7921,8
7922,9
7923,2
7924,5
7925,4
7926,9
7927,2
7928,6
7929,5
7930,2
7931,8
7932,7
7933,7
7934,4
7935,7
7936,3
7937,4
7938,5
7939,5
7940,1
7941,4
7942,7
7943,3
7944,5
7945,5
7946,10
7947,9
7948,8
7949,9
7950,9
7951,6
7952,3
7953,1
7954,6
7955,9
7956,5
7957,9
7958,3
7959,9
7960,10
7961,10
7962,9
7963,7
7964,3
7965,10
7966,2
7967,5
7968,9
7969,7
7970,1
7971,8
7972,4
7973,9
7974,9
7975,9
7976,5
7977,5
7978,10
7979,8
7980,1
7981,2
7982,1
7983,9
7984,3
7985,9
7986,6
7987,2
7988,8
7989,2
7990,6
7991,6
7992,6
7993,4
7994,8
7995,7
7996,9
7997,9
7998,2
7999,5
8000,6
8001,5
8002,5
8003,2
8004,3
8005,9
8006,10
8007,2
8008,6
8009,7
8010,5
8011,6
8012,5
8013,3
8014,9
8015,7
8016,6
8017,2
8018,6
8019,8
8020,8
8021,10
8022,10
8023,2
8024,2
8025,2
8026,8
8027,5
8028,8
8029,10
8030,9
8031,9
8032,4
8033,6
8034,4
8035,7
8036,2
8037,3
8038,6
8039,6
8040,6
8041,5
8042,9
8043,6
8044,3
8045,10
8046,8
8047,8
8048,5
8049,9
8050,4
8051,6
8052,6
8053,4
8054,6
8055,6
8056,4
8057,9
8058,9
8059,2
8060,10
8061,1
8062,7
8063,6
8064,5
8065,9
8066,3
8067,9
8068,9
8069,7
8070,3
8071,6
8072,5
8073,3
8074,1
8075,6
8076,2
8077,9
8078,5
8079,8
8080,5
8081,4
8082,4
8083,7
8084,6
8085,6
8086,3
8087,5
8088,1
8089,9
8090,3
8091,6
8092,10
8093,10
8094,1
8095,8
8096,7
8097,6
8098,6
8099,1
8100,4
8101,10
8102,6
8103,5
8104,7
8105,7
8106,8
8107,8
8108,2
8109,7
8110,7
8111,4
8112,2
8113,9
8114,10
8115,10
8116,2
8117,9
8118,10
8119,5
8120,2
8121,7
8122,10
8123,7
8124,8
8125,5
8126,3
8127,4
8128,5
8129,7
8130,5
8131,4
8132,8
8133,10
8134,7
8135,2
8136,9
8137,9
8138,9
8139,9
8140,3
8141,8
8142,6
8143,7
8144,1
8145,7
8146,9
8147,9
8148,5
8149,5
8150,5
8151,6
8152,3
8153,9
8154,7
8155,9
8156,1
8157,5
8158,6
8159,5
8160,1
8161,1
8162,8
8163,8
8164,9
8165,1
8166,8
8167,1
8168,5
8169,10
8170,1
8171,8
8172,7
8173,4
8174,5
8175,8
8176,6
8177,8
8178,3
8179,4
8180,5
8181,9
8182,8
8183,9
8184,6
8185,7
8186,6
8187,10
8188,3
8189,9
8190,4
